iter	MultiClass
0	5.449238945
1	4.743987076
