{
  "top_1_accuracy": 0.9893333333333333,
  "top_3_accuracy": 0.9949333333333333,
  "top_5_accuracy": 0.9949333333333333,
  "top_10_accuracy": 0.9949333333333333,
  "top_20_accuracy": 0.9949333333333333,
  "training_time_seconds": 15.018211126327515,
  "num_samples_train": 17499,
  "num_samples_test": 3750,
  "num_features": 75,
  "num_classes": 500
}